{
  "original": {
    "lufs": -13.545285646818005,
    "peak_db": -0.6224323550673284,
    "crest_db": 15.035797399400268,
    "centroid_hz": 2855.0288899053166,
    "spectral_flatness": 0.00450753746921086,
    "rolloff_hz": 6562.931346128566,
    "stereo_width": 0.3415053432039365
  },
  "minimal_v2": {
    "lufs": -13.382499142866898,
    "peak_db": -3.6356206944655023,
    "crest_db": 12.422369306178355,
    "centroid_hz": 2742.6302645487217,
    "spectral_flatness": 0.0006634514553226624,
    "rolloff_hz": 6111.245994577273,
    "stereo_width": 0.38011084379360194
  }
}