{
  "original": {
    "lufs": -13.007238348612194,
    "peak_db": -0.4328694470530276,
    "crest_db": 14.377961651885592,
    "centroid_hz": 2564.594852064599,
    "spectral_flatness": 0.0037113263929866476,
    "rolloff_hz": 5704.673539077745,
    "stereo_width": 0.25106203514714076
  },
  "mastered": {
    "lufs": -13.412671177454852,
    "peak_db": -2.631255802227372,
    "crest_db": 13.047743337943121,
    "centroid_hz": 1741.4248640522835,
    "spectral_flatness": 6.621920944343316e-05,
    "rolloff_hz": 2986.3941184399714,
    "stereo_width": 0.23034407786980213
  },
  "reference": {
    "lufs": -7.461453352709848,
    "peak_db": 8.685890352395821e-09,
    "crest_db": 10.045463225013638,
    "centroid_hz": 1923.5513425443012,
    "spectral_flatness": 0.00794922409510525,
    "rolloff_hz": 3651.77953573226,
    "stereo_width": 0.24536123164079582
  }
}