{
  "original": {
    "lufs": -13.007238348612194,
    "peak_db": -0.4328694470530276,
    "crest_db": 14.377961651885592,
    "centroid_hz": 2564.594852064599,
    "spectral_flatness": 0.0037113263929866476,
    "rolloff_hz": 5704.673539077745,
    "stereo_width": 0.25106203514714076
  },
  "minimal_v2": {
    "lufs": -13.242640368258057,
    "peak_db": -3.4078005741265023,
    "crest_db": 12.351605149839992,
    "centroid_hz": 2441.217134050294,
    "spectral_flatness": 0.0005180983222239677,
    "rolloff_hz": 5084.2095128057,
    "stereo_width": 0.2726966153744422
  }
}