{
  "original": {
    "lufs": -13.216324714045914,
    "peak_db": -0.7573135841717382,
    "crest_db": 14.79808430275421,
    "centroid_hz": 3183.5822199556837,
    "spectral_flatness": 0.013905514040115217,
    "rolloff_hz": 7087.459052130467,
    "stereo_width": 0.30100433166434
  },
  "minimal_v2": {
    "lufs": -13.559468999364311,
    "peak_db": -3.2375978546248914,
    "crest_db": 13.246490250469062,
    "centroid_hz": 3214.3370416906805,
    "spectral_flatness": 0.0001804425138380315,
    "rolloff_hz": 7158.375559745463,
    "stereo_width": 0.34293649586619646
  }
}